"Business","Industry","Phone","Address","City","State","Rating","Reviews","Google Maps","Demo Site"
"EVG Landscape Solutions LLC","landscaper","(770) 255-9641","955 Stone Mill Run","Lawrenceville","GA","5","12","https://maps.google.com/?cid=6445989991983479984&g_mp=Cidnb29nbGUubWFwcy5wbGFjZXMudjEuUGxhY2VzLlNlYXJjaFRleHQQAhgEIAA","http://localhost:3000/api/demo-site?b=eyJpZCI6IkNoSUo1UVRsOE4tXzlZZ1JzUHpsMGI3QmRGayIsIm5hbWUiOiJFVkcgTGFuZHNjYXBlIFNvbHV0aW9ucyBMTEMiLCJpbmR1c3RyeSI6ImxhbmRzY2FwZXIiLCJwaG9uZSI6Iig3NzApIDI1NS05NjQxIiwiYWRkcmVzcyI6Ijk1NSBTdG9uZSBNaWxsIFJ1biIsImNpdHkiOiJMYXdyZW5jZXZpbGxlIiwic3RhdGUiOiJHQSIsInJhdGluZyI6NSwicmV2aWV3Q291bnQiOjEyLCJob3VycyI6Ik1vbmRheTogODowMOKAr0FN4oCJ4oCT4oCJNTowMOKAr1BNIiwid2Vic2l0ZSI6bnVsbCwicGxhY2VVcmwiOiJodHRwczovL21hcHMuZ29vZ2xlLmNvbS8_Y2lkPTY0NDU5ODk5OTE5ODM0Nzk5ODQmZ19tcD1DaWRuYjI5bmJHVXViV0Z3Y3k1d2JHRmpaWE11ZGpFdVVHeGhZMlZ6TGxObFlYSmphRlJsZUhRUUFoZ0VJQUEiLCJzb3VyY2UiOiJwbGFjZXMifQ&by=VibeLabs%20Agency"
"Lopez landscaping","landscaper","(229) 829-0835","715 Amelia Grove Ln SE","Lawrenceville","GA","4.9","117","https://maps.google.com/?cid=12109363175326062913&g_mp=Cidnb29nbGUubWFwcy5wbGFjZXMudjEuUGxhY2VzLlNlYXJjaFRleHQQAhgEIAA","http://localhost:3000/api/demo-site?b=eyJpZCI6IkNoSUpXNDJ1RUJPXzlZZ1JRWm1CV2FZWkRhZyIsIm5hbWUiOiJMb3BleiBsYW5kc2NhcGluZyIsImluZHVzdHJ5IjoibGFuZHNjYXBlciIsInBob25lIjoiKDIyOSkgODI5LTA4MzUiLCJhZGRyZXNzIjoiNzE1IEFtZWxpYSBHcm92ZSBMbiBTRSIsImNpdHkiOiJMYXdyZW5jZXZpbGxlIiwic3RhdGUiOiJHQSIsInJhdGluZyI6NC45LCJyZXZpZXdDb3VudCI6MTE3LCJob3VycyI6Ik1vbmRheTogODowMOKAr0FN4oCJ4oCT4oCJNjowMOKAr0FNIiwid2Vic2l0ZSI6bnVsbCwicGxhY2VVcmwiOiJodHRwczovL21hcHMuZ29vZ2xlLmNvbS8_Y2lkPTEyMTA5MzYzMTc1MzI2MDYyOTEzJmdfbXA9Q2lkbmIyOW5iR1V1YldGd2N5NXdiR0ZqWlhNdWRqRXVVR3hoWTJWekxsTmxZWEpqYUZSbGVIUVFBaGdFSUFBIiwic291cmNlIjoicGxhY2VzIn0&by=VibeLabs%20Agency"
"Torres Landscaping","landscaper","(678) 707-9773","465 Maltbie St","Lawrenceville","GA","5","8","https://maps.google.com/?cid=3476212517069794761&g_mp=Cidnb29nbGUubWFwcy5wbGFjZXMudjEuUGxhY2VzLlNlYXJjaFRleHQQAhgEIAA","http://localhost:3000/api/demo-site?b=eyJpZCI6IkNoSUp5VkhpWkZHXzlZZ1J5UzIyMDkzOFBUQSIsIm5hbWUiOiJUb3JyZXMgTGFuZHNjYXBpbmciLCJpbmR1c3RyeSI6ImxhbmRzY2FwZXIiLCJwaG9uZSI6Iig2NzgpIDcwNy05NzczIiwiYWRkcmVzcyI6IjQ2NSBNYWx0YmllIFN0IiwiY2l0eSI6Ikxhd3JlbmNldmlsbGUiLCJzdGF0ZSI6IkdBIiwicmF0aW5nIjo1LCJyZXZpZXdDb3VudCI6OCwiaG91cnMiOiJNb25kYXk6IDc6MDDigK9BTeKAieKAk-KAiTg6MDDigK9QTSIsIndlYnNpdGUiOm51bGwsInBsYWNlVXJsIjoiaHR0cHM6Ly9tYXBzLmdvb2dsZS5jb20vP2NpZD0zNDc2MjEyNTE3MDY5Nzk0NzYxJmdfbXA9Q2lkbmIyOW5iR1V1YldGd2N5NXdiR0ZqWlhNdWRqRXVVR3hoWTJWekxsTmxZWEpqYUZSbGVIUVFBaGdFSUFBIiwic291cmNlIjoicGxhY2VzIn0&by=VibeLabs%20Agency"
"Alpha Pinestraw and Landscaping","landscaper","(678) 939-8499","2397 Samia Dr NW","Duluth","GA","5","36","https://maps.google.com/?cid=2303938722063754258&g_mp=Cidnb29nbGUubWFwcy5wbGFjZXMudjEuUGxhY2VzLlNlYXJjaFRleHQQAhgEIAA","http://localhost:3000/api/demo-site?b=eyJpZCI6IkNoSUo2N28yb1AtajlZZ1JFcVRnbUE4OC1SOCIsIm5hbWUiOiJBbHBoYSBQaW5lc3RyYXcgYW5kIExhbmRzY2FwaW5nIiwiaW5kdXN0cnkiOiJsYW5kc2NhcGVyIiwicGhvbmUiOiIoNjc4KSA5MzktODQ5OSIsImFkZHJlc3MiOiIyMzk3IFNhbWlhIERyIE5XIiwiY2l0eSI6IkR1bHV0aCIsInN0YXRlIjoiR0EiLCJyYXRpbmciOjUsInJldmlld0NvdW50IjozNiwiaG91cnMiOiJNb25kYXk6IDc6MDDigK9BTeKAieKAk-KAiTY6MDDigK9QTSIsIndlYnNpdGUiOm51bGwsInBsYWNlVXJsIjoiaHR0cHM6Ly9tYXBzLmdvb2dsZS5jb20vP2NpZD0yMzAzOTM4NzIyMDYzNzU0MjU4JmdfbXA9Q2lkbmIyOW5iR1V1YldGd2N5NXdiR0ZqWlhNdWRqRXVVR3hoWTJWekxsTmxZWEpqYUZSbGVIUVFBaGdFSUFBIiwic291cmNlIjoicGxhY2VzIn0&by=VibeLabs%20Agency"
"Martinez Landscaping Services","landscaper","(404) 554-7206","4212 Gravitt Pl NW","Duluth","GA","4","4","https://maps.google.com/?cid=10295755549025324020&g_mp=Cidnb29nbGUubWFwcy5wbGFjZXMudjEuUGxhY2VzLlNlYXJjaFRleHQQAhgEIAA","http://localhost:3000/api/demo-site?b=eyJpZCI6IkNoSUpjWjlmYkZLajlZZ1I5RXZwWVJfZjRZNCIsIm5hbWUiOiJNYXJ0aW5leiBMYW5kc2NhcGluZyBTZXJ2aWNlcyIsImluZHVzdHJ5IjoibGFuZHNjYXBlciIsInBob25lIjoiKDQwNCkgNTU0LTcyMDYiLCJhZGRyZXNzIjoiNDIxMiBHcmF2aXR0IFBsIE5XIiwiY2l0eSI6IkR1bHV0aCIsInN0YXRlIjoiR0EiLCJyYXRpbmciOjQsInJldmlld0NvdW50Ijo0LCJob3VycyI6Ik1vbmRheTogNjozMOKAr0FN4oCJ4oCT4oCJNzowMOKAr1BNIiwid2Vic2l0ZSI6bnVsbCwicGxhY2VVcmwiOiJodHRwczovL21hcHMuZ29vZ2xlLmNvbS8_Y2lkPTEwMjk1NzU1NTQ5MDI1MzI0MDIwJmdfbXA9Q2lkbmIyOW5iR1V1YldGd2N5NXdiR0ZqWlhNdWRqRXVVR3hoWTJWekxsTmxZWEpqYUZSbGVIUVFBaGdFSUFBIiwic291cmNlIjoicGxhY2VzIn0&by=VibeLabs%20Agency"
"Skyblue Artistic Landscape LLC","landscaper","(404) 345-4447","1021 Preston Park Dr NW","Duluth","GA","5","10","https://maps.google.com/?cid=17521206326436415798&g_mp=Cidnb29nbGUubWFwcy5wbGFjZXMudjEuUGxhY2VzLlNlYXJjaFRleHQQAhgEIAA","http://localhost:3000/api/demo-site?b=eyJpZCI6IkNoSUpRMHNvMjZlajlZZ1JOc21SazFMVUpfTSIsIm5hbWUiOiJTa3libHVlIEFydGlzdGljIExhbmRzY2FwZSBMTEMiLCJpbmR1c3RyeSI6ImxhbmRzY2FwZXIiLCJwaG9uZSI6Iig0MDQpIDM0NS00NDQ3IiwiYWRkcmVzcyI6IjEwMjEgUHJlc3RvbiBQYXJrIERyIE5XIiwiY2l0eSI6IkR1bHV0aCIsInN0YXRlIjoiR0EiLCJyYXRpbmciOjUsInJldmlld0NvdW50IjoxMCwiaG91cnMiOiJNb25kYXk6IDc6MDDigK9BTeKAieKAk-KAiTU6MDDigK9QTSIsIndlYnNpdGUiOm51bGwsInBsYWNlVXJsIjoiaHR0cHM6Ly9tYXBzLmdvb2dsZS5jb20vP2NpZD0xNzUyMTIwNjMyNjQzNjQxNTc5OCZnX21wPUNpZG5iMjluYkdVdWJXRndjeTV3YkdGalpYTXVkakV1VUd4aFkyVnpMbE5sWVhKamFGUmxlSFFRQWhnRUlBQSIsInNvdXJjZSI6InBsYWNlcyJ9&by=VibeLabs%20Agency"
"Success Lawn Service LLC","landscaper","(404) 468-7334","4578 Chafin Point Ct","Snellville","GA","4.9","58","https://maps.google.com/?cid=4374932217941849140&g_mp=Cidnb29nbGUubWFwcy5wbGFjZXMudjEuUGxhY2VzLlNlYXJjaFRleHQQAhgEIAA","http://localhost:3000/api/demo-site?b=eyJpZCI6IkNoSUpLd2EwWjB1MzlZZ1JOUFRWUHF6aHRqdyIsIm5hbWUiOiJTdWNjZXNzIExhd24gU2VydmljZSBMTEMiLCJpbmR1c3RyeSI6ImxhbmRzY2FwZXIiLCJwaG9uZSI6Iig0MDQpIDQ2OC03MzM0IiwiYWRkcmVzcyI6IjQ1NzggQ2hhZmluIFBvaW50IEN0IiwiY2l0eSI6IlNuZWxsdmlsbGUiLCJzdGF0ZSI6IkdBIiwicmF0aW5nIjo0LjksInJldmlld0NvdW50Ijo1OCwiaG91cnMiOiJNb25kYXk6IDY6MDDigK9BTeKAieKAk-KAiTY6MDDigK9QTSIsIndlYnNpdGUiOm51bGwsInBsYWNlVXJsIjoiaHR0cHM6Ly9tYXBzLmdvb2dsZS5jb20vP2NpZD00Mzc0OTMyMjE3OTQxODQ5MTQwJmdfbXA9Q2lkbmIyOW5iR1V1YldGd2N5NXdiR0ZqWlhNdWRqRXVVR3hoWTJWekxsTmxZWEpqYUZSbGVIUVFBaGdFSUFBIiwic291cmNlIjoicGxhY2VzIn0&by=VibeLabs%20Agency"
"Lovely Landscapes Company, LLC","landscaper","(678) 201-0213","2330 Scenic Hwy S Ste 317","Snellville","GA","5","2","https://maps.google.com/?cid=12817049596550391168&g_mp=Cidnb29nbGUubWFwcy5wbGFjZXMudjEuUGxhY2VzLlNlYXJjaFRleHQQAhgEIAA","http://localhost:3000/api/demo-site?b=eyJpZCI6IkNoSUoxeXYxckRpNzlZZ1JnQ1h6VHJOTzM3RSIsIm5hbWUiOiJMb3ZlbHkgTGFuZHNjYXBlcyBDb21wYW55LCBMTEMiLCJpbmR1c3RyeSI6ImxhbmRzY2FwZXIiLCJwaG9uZSI6Iig2NzgpIDIwMS0wMjEzIiwiYWRkcmVzcyI6IjIzMzAgU2NlbmljIEh3eSBTIFN0ZSAzMTciLCJjaXR5IjoiU25lbGx2aWxsZSIsInN0YXRlIjoiR0EiLCJyYXRpbmciOjUsInJldmlld0NvdW50IjoyLCJob3VycyI6Ik1vbmRheTogNzowMOKAr0FN4oCJ4oCT4oCJNzowMOKAr1BNIiwid2Vic2l0ZSI6bnVsbCwicGxhY2VVcmwiOiJodHRwczovL21hcHMuZ29vZ2xlLmNvbS8_Y2lkPTEyODE3MDQ5NTk2NTUwMzkxMTY4JmdfbXA9Q2lkbmIyOW5iR1V1YldGd2N5NXdiR0ZqWlhNdWRqRXVVR3hoWTJWekxsTmxZWEpqYUZSbGVIUVFBaGdFSUFBIiwic291cmNlIjoicGxhY2VzIn0&by=VibeLabs%20Agency"
"Landmark Landscapes","landscaper","(855) 446-0044","559 S Cemetery St","Norcross","GA","3.9","35","https://maps.google.com/?cid=18091488335151642927&g_mp=Cidnb29nbGUubWFwcy5wbGFjZXMudjEuUGxhY2VzLlNlYXJjaFRleHQQAhgEIAA","http://localhost:3000/api/demo-site?b=eyJpZCI6IkNoSUpyNHJJS2phaDlZZ1JMem5XdXNuZ0VmcyIsIm5hbWUiOiJMYW5kbWFyayBMYW5kc2NhcGVzIiwiaW5kdXN0cnkiOiJsYW5kc2NhcGVyIiwicGhvbmUiOiIoODU1KSA0NDYtMDA0NCIsImFkZHJlc3MiOiI1NTkgUyBDZW1ldGVyeSBTdCIsImNpdHkiOiJOb3Jjcm9zcyIsInN0YXRlIjoiR0EiLCJyYXRpbmciOjMuOSwicmV2aWV3Q291bnQiOjM1LCJob3VycyI6Ik1vbmRheTogODowMOKAr0FN4oCJ4oCT4oCJNTowMOKAr1BNIiwid2Vic2l0ZSI6bnVsbCwicGxhY2VVcmwiOiJodHRwczovL21hcHMuZ29vZ2xlLmNvbS8_Y2lkPTE4MDkxNDg4MzM1MTUxNjQyOTI3JmdfbXA9Q2lkbmIyOW5iR1V1YldGd2N5NXdiR0ZqWlhNdWRqRXVVR3hoWTJWekxsTmxZWEpqYUZSbGVIUVFBaGdFSUFBIiwic291cmNlIjoicGxhY2VzIn0&by=VibeLabs%20Agency"
"Phelps Scapes & Design","landscaper","(404) 980-7289","4005 Wetherburn Way NW b17","Peachtree Corners","GA","5","6","https://maps.google.com/?cid=27767637250768003&g_mp=Cidnb29nbGUubWFwcy5wbGFjZXMudjEuUGxhY2VzLlNlYXJjaFRleHQQAhgEIAA","http://localhost:3000/api/demo-site?b=eyJpZCI6IkNoSUpYYjhiaVZLaDlZZ1JnM3lWMm9TbVlnQSIsIm5hbWUiOiJQaGVscHMgU2NhcGVzICYgRGVzaWduIiwiaW5kdXN0cnkiOiJsYW5kc2NhcGVyIiwicGhvbmUiOiIoNDA0KSA5ODAtNzI4OSIsImFkZHJlc3MiOiI0MDA1IFdldGhlcmJ1cm4gV2F5IE5XIGIxNyIsImNpdHkiOiJQZWFjaHRyZWUgQ29ybmVycyIsInN0YXRlIjoiR0EiLCJyYXRpbmciOjUsInJldmlld0NvdW50Ijo2LCJob3VycyI6Ik1vbmRheTogNzowMOKAr0FN4oCJ4oCT4oCJNjozMOKAr1BNIiwid2Vic2l0ZSI6bnVsbCwicGxhY2VVcmwiOiJodHRwczovL21hcHMuZ29vZ2xlLmNvbS8_Y2lkPTI3NzY3NjM3MjUwNzY4MDAzJmdfbXA9Q2lkbmIyOW5iR1V1YldGd2N5NXdiR0ZqWlhNdWRqRXVVR3hoWTJWekxsTmxZWEpqYUZSbGVIUVFBaGdFSUFBIiwic291cmNlIjoicGxhY2VzIn0&by=VibeLabs%20Agency"
"Sunshine landscaping llc","landscaper","(678) 457-7204","2896 Benton Rd SW","Lilburn","GA","4","4","https://maps.google.com/?cid=615031968077508148&g_mp=Cidnb29nbGUubWFwcy5wbGFjZXMudjEuUGxhY2VzLlNlYXJjaFRleHQQAhgEIAA","http://localhost:3000/api/demo-site?b=eyJpZCI6IkNoSUpxWksta2QybDlZZ1JOTzdFX2xBSWlRZyIsIm5hbWUiOiJTdW5zaGluZSBsYW5kc2NhcGluZyBsbGMiLCJpbmR1c3RyeSI6ImxhbmRzY2FwZXIiLCJwaG9uZSI6Iig2NzgpIDQ1Ny03MjA0IiwiYWRkcmVzcyI6IjI4OTYgQmVudG9uIFJkIFNXIiwiY2l0eSI6IkxpbGJ1cm4iLCJzdGF0ZSI6IkdBIiwicmF0aW5nIjo0LCJyZXZpZXdDb3VudCI6NCwiaG91cnMiOiJNb25kYXk6IDY6MDDigK9BTeKAieKAk-KAiTc6MzDigK9QTSIsIndlYnNpdGUiOm51bGwsInBsYWNlVXJsIjoiaHR0cHM6Ly9tYXBzLmdvb2dsZS5jb20vP2NpZD02MTUwMzE5NjgwNzc1MDgxNDgmZ19tcD1DaWRuYjI5bmJHVXViV0Z3Y3k1d2JHRmpaWE11ZGpFdVVHeGhZMlZ6TGxObFlYSmphRlJsZUhRUUFoZ0VJQUEiLCJzb3VyY2UiOiJwbGFjZXMifQ&by=VibeLabs%20Agency"
"B & A landscaping LLC","landscaper","(678) 682-0717","74 Dacula Rd","Dacula","GA","5","1","https://maps.google.com/?cid=527284088968109156&g_mp=Cidnb29nbGUubWFwcy5wbGFjZXMudjEuUGxhY2VzLlNlYXJjaFRleHQQAhgEIAA","http://localhost:3000/api/demo-site?b=eyJpZCI6IkNoSUpXU2FWNWN2QjlZZ1JaTnlvMGhWS1VRYyIsIm5hbWUiOiJCICYgQSBsYW5kc2NhcGluZyBMTEMiLCJpbmR1c3RyeSI6ImxhbmRzY2FwZXIiLCJwaG9uZSI6Iig2NzgpIDY4Mi0wNzE3IiwiYWRkcmVzcyI6Ijc0IERhY3VsYSBSZCIsImNpdHkiOiJEYWN1bGEiLCJzdGF0ZSI6IkdBIiwicmF0aW5nIjo1LCJyZXZpZXdDb3VudCI6MSwiaG91cnMiOiJNb25kYXk6IDY6MDDigK9BTeKAieKAk-KAiTk6MDDigK9QTSIsIndlYnNpdGUiOm51bGwsInBsYWNlVXJsIjoiaHR0cHM6Ly9tYXBzLmdvb2dsZS5jb20vP2NpZD01MjcyODQwODg5NjgxMDkxNTYmZ19tcD1DaWRuYjI5bmJHVXViV0Z3Y3k1d2JHRmpaWE11ZGpFdVVHeGhZMlZ6TGxObFlYSmphRlJsZUhRUUFoZ0VJQUEiLCJzb3VyY2UiOiJwbGFjZXMifQ&by=VibeLabs%20Agency"
"Gwinnett Extreme Landscapes LLC","landscaper","(770) 450-0729","2608 Majestic Cir","Dacula","GA","5","4","https://maps.google.com/?cid=3199554500313669908&g_mp=Cidnb29nbGUubWFwcy5wbGFjZXMudjEuUGxhY2VzLlNlYXJjaFRleHQQAhgEIAA","http://localhost:3000/api/demo-site?b=eyJpZCI6IkNoSUpHZmlNNFVMQjlZZ1JGT0d5dHQwWlp5dyIsIm5hbWUiOiJHd2lubmV0dCBFeHRyZW1lIExhbmRzY2FwZXMgTExDIiwiaW5kdXN0cnkiOiJsYW5kc2NhcGVyIiwicGhvbmUiOiIoNzcwKSA0NTAtMDcyOSIsImFkZHJlc3MiOiIyNjA4IE1hamVzdGljIENpciIsImNpdHkiOiJEYWN1bGEiLCJzdGF0ZSI6IkdBIiwicmF0aW5nIjo1LCJyZXZpZXdDb3VudCI6NCwiaG91cnMiOiJNb25kYXk6IDg6MDDigK9BTeKAieKAk-KAiTY6MDDigK9QTSIsIndlYnNpdGUiOm51bGwsInBsYWNlVXJsIjoiaHR0cHM6Ly9tYXBzLmdvb2dsZS5jb20vP2NpZD0zMTk5NTU0NTAwMzEzNjY5OTA4JmdfbXA9Q2lkbmIyOW5iR1V1YldGd2N5NXdiR0ZqWlhNdWRqRXVVR3hoWTJWekxsTmxZWEpqYUZSbGVIUVFBaGdFSUFBIiwic291cmNlIjoicGxhY2VzIn0&by=VibeLabs%20Agency"
"Aloha Landscapes Inc","landscaper","(770) 554-5555","PO Box 309","Grayson","GA","4.2","5","https://maps.google.com/?cid=17890426631210560545&g_mp=Cidnb29nbGUubWFwcy5wbGFjZXMudjEuUGxhY2VzLlNlYXJjaFRleHQQAhgEIAA","http://localhost:3000/api/demo-site?b=eyJpZCI6IkNoSUptd09LTE1DNDlZZ1JJV3gteVR1UVJfZyIsIm5hbWUiOiJBbG9oYSBMYW5kc2NhcGVzIEluYyIsImluZHVzdHJ5IjoibGFuZHNjYXBlciIsInBob25lIjoiKDc3MCkgNTU0LTU1NTUiLCJhZGRyZXNzIjoiUE8gQm94IDMwOSIsImNpdHkiOiJHcmF5c29uIiwic3RhdGUiOiJHQSIsInJhdGluZyI6NC4yLCJyZXZpZXdDb3VudCI6NSwid2Vic2l0ZSI6bnVsbCwicGxhY2VVcmwiOiJodHRwczovL21hcHMuZ29vZ2xlLmNvbS8_Y2lkPTE3ODkwNDI2NjMxMjEwNTYwNTQ1JmdfbXA9Q2lkbmIyOW5iR1V1YldGd2N5NXdiR0ZqWlhNdWRqRXVVR3hoWTJWekxsTmxZWEpqYUZSbGVIUVFBaGdFSUFBIiwic291cmNlIjoicGxhY2VzIn0&by=VibeLabs%20Agency"
"Valveni Southern landscape","landscaper","(678) 886-1999","5597 Cumming Hwy NE","Sugar Hill","GA","5","1","https://maps.google.com/?cid=14882845707508413639&g_mp=Cidnb29nbGUubWFwcy5wbGFjZXMudjEuUGxhY2VzLlNlYXJjaFRleHQQAhgEIAA","http://localhost:3000/api/demo-site?b=eyJpZCI6IkNoSUp2eDlSSlJlUjlZZ1J4M1Q4ZWxGOWlzNCIsIm5hbWUiOiJWYWx2ZW5pIFNvdXRoZXJuIGxhbmRzY2FwZSIsImluZHVzdHJ5IjoibGFuZHNjYXBlciIsInBob25lIjoiKDY3OCkgODg2LTE5OTkiLCJhZGRyZXNzIjoiNTU5NyBDdW1taW5nIEh3eSBORSIsImNpdHkiOiJTdWdhciBIaWxsIiwic3RhdGUiOiJHQSIsInJhdGluZyI6NSwicmV2aWV3Q291bnQiOjEsImhvdXJzIjoiTW9uZGF5OiA2OjMw4oCvQU3igInigJPigIk4OjAw4oCvUE0iLCJ3ZWJzaXRlIjpudWxsLCJwbGFjZVVybCI6Imh0dHBzOi8vbWFwcy5nb29nbGUuY29tLz9jaWQ9MTQ4ODI4NDU3MDc1MDg0MTM2MzkmZ19tcD1DaWRuYjI5bmJHVXViV0Z3Y3k1d2JHRmpaWE11ZGpFdVVHeGhZMlZ6TGxObFlYSmphRlJsZUhRUUFoZ0VJQUEiLCJzb3VyY2UiOiJwbGFjZXMifQ&by=VibeLabs%20Agency"
"Alexis landscaping llc","landscaper","(770) 972-4859","Loganville Hwy SW","Loganville","GA","5","1","https://maps.google.com/?cid=10969267802334790163&g_mp=Cidnb29nbGUubWFwcy5wbGFjZXMudjEuUGxhY2VzLlNlYXJjaFRleHQQAhgEIAA","http://localhost:3000/api/demo-site?b=eyJpZCI6IkNoSUpCNldHRUFESDlZZ1JFNEpMMVBLcU9wZyIsIm5hbWUiOiJBbGV4aXMgbGFuZHNjYXBpbmcgbGxjIiwiaW5kdXN0cnkiOiJsYW5kc2NhcGVyIiwicGhvbmUiOiIoNzcwKSA5NzItNDg1OSIsImFkZHJlc3MiOiJMb2dhbnZpbGxlIEh3eSBTVyIsImNpdHkiOiJMb2dhbnZpbGxlIiwic3RhdGUiOiJHQSIsInJhdGluZyI6NSwicmV2aWV3Q291bnQiOjEsImhvdXJzIjoiTW9uZGF5OiA1OjAw4oCvQU3igInigJPigIk4OjMw4oCvUE0iLCJ3ZWJzaXRlIjpudWxsLCJwbGFjZVVybCI6Imh0dHBzOi8vbWFwcy5nb29nbGUuY29tLz9jaWQ9MTA5NjkyNjc4MDIzMzQ3OTAxNjMmZ19tcD1DaWRuYjI5bmJHVXViV0Z3Y3k1d2JHRmpaWE11ZGpFdVVHeGhZMlZ6TGxObFlYSmphRlJsZUhRUUFoZ0VJQUEiLCJzb3VyY2UiOiJwbGFjZXMifQ&by=VibeLabs%20Agency"
"Northeast Ga outdoor solutions","landscaper","(706) 973-2586","482 Glen Terrace Rd","Auburn","GA","","","https://maps.google.com/?cid=1470031880674308751&g_mp=Cidnb29nbGUubWFwcy5wbGFjZXMudjEuUGxhY2VzLlNlYXJjaFRleHQQAhgEIAA","http://localhost:3000/api/demo-site?b=eyJpZCI6IkNoSUp5YVlZd3VqcDlZZ1JqM0lYLURTYVpoUSIsIm5hbWUiOiJOb3J0aGVhc3QgR2Egb3V0ZG9vciBzb2x1dGlvbnMiLCJpbmR1c3RyeSI6ImxhbmRzY2FwZXIiLCJwaG9uZSI6Iig3MDYpIDk3My0yNTg2IiwiYWRkcmVzcyI6IjQ4MiBHbGVuIFRlcnJhY2UgUmQiLCJjaXR5IjoiQXVidXJuIiwic3RhdGUiOiJHQSIsImhvdXJzIjoiTW9uZGF5OiA4OjAw4oCvQU3igInigJPigIk2OjAw4oCvUE0iLCJ3ZWJzaXRlIjpudWxsLCJwbGFjZVVybCI6Imh0dHBzOi8vbWFwcy5nb29nbGUuY29tLz9jaWQ9MTQ3MDAzMTg4MDY3NDMwODc1MSZnX21wPUNpZG5iMjluYkdVdWJXRndjeTV3YkdGalpYTXVkakV1VUd4aFkyVnpMbE5sWVhKamFGUmxlSFFRQWhnRUlBQSIsInNvdXJjZSI6InBsYWNlcyJ9&by=VibeLabs%20Agency"
"Unique Outdoors","landscaper","(770) 296-1890","354 Cross Creek Pl","Auburn","GA","","","https://maps.google.com/?cid=6855913221541848388&g_mp=Cidnb29nbGUubWFwcy5wbGFjZXMudjEuUGxhY2VzLlNlYXJjaFRleHQQAhgEIAA","http://localhost:3000/api/demo-site?b=eyJpZCI6IkNoSUpfVk1oTEU2TjlZZ1JST1huTk1BWUpWOCIsIm5hbWUiOiJVbmlxdWUgT3V0ZG9vcnMiLCJpbmR1c3RyeSI6ImxhbmRzY2FwZXIiLCJwaG9uZSI6Iig3NzApIDI5Ni0xODkwIiwiYWRkcmVzcyI6IjM1NCBDcm9zcyBDcmVlayBQbCIsImNpdHkiOiJBdWJ1cm4iLCJzdGF0ZSI6IkdBIiwiaG91cnMiOiJNb25kYXk6IDk6MDDigK9BTeKAieKAk-KAiTU6MDDigK9QTSIsIndlYnNpdGUiOm51bGwsInBsYWNlVXJsIjoiaHR0cHM6Ly9tYXBzLmdvb2dsZS5jb20vP2NpZD02ODU1OTEzMjIxNTQxODQ4Mzg4JmdfbXA9Q2lkbmIyOW5iR1V1YldGd2N5NXdiR0ZqWlhNdWRqRXVVR3hoWTJWekxsTmxZWEpqYUZSbGVIUVFBaGdFSUFBIiwic291cmNlIjoicGxhY2VzIn0&by=VibeLabs%20Agency"
"Lethgo's Luxury Landscapes","landscaper","(470) 252-2091","1434 Princeton Dr","Winder","GA","4.8","53","https://maps.google.com/?cid=16525976691586793248&g_mp=Cidnb29nbGUubWFwcy5wbGFjZXMudjEuUGxhY2VzLlNlYXJjaFRleHQQAhgEIAA","http://localhost:3000/api/demo-site?b=eyJpZCI6IkNoSUp3YTFUSk9QZjlZZ1JJSDlxSEQ0UVdPVSIsIm5hbWUiOiJMZXRoZ28ncyBMdXh1cnkgTGFuZHNjYXBlcyIsImluZHVzdHJ5IjoibGFuZHNjYXBlciIsInBob25lIjoiKDQ3MCkgMjUyLTIwOTEiLCJhZGRyZXNzIjoiMTQzNCBQcmluY2V0b24gRHIiLCJjaXR5IjoiV2luZGVyIiwic3RhdGUiOiJHQSIsInJhdGluZyI6NC44LCJyZXZpZXdDb3VudCI6NTMsImhvdXJzIjoiTW9uZGF5OiA3OjMw4oCvQU3igInigJPigIk3OjAw4oCvUE0iLCJ3ZWJzaXRlIjpudWxsLCJwbGFjZVVybCI6Imh0dHBzOi8vbWFwcy5nb29nbGUuY29tLz9jaWQ9MTY1MjU5NzY2OTE1ODY3OTMyNDgmZ19tcD1DaWRuYjI5bmJHVXViV0Z3Y3k1d2JHRmpaWE11ZGpFdVVHeGhZMlZ6TGxObFlYSmphRlJsZUhRUUFoZ0VJQUEiLCJzb3VyY2UiOiJwbGFjZXMifQ&by=VibeLabs%20Agency"
"Barahona landscaping LLC","landscaper","(678) 663-6921","Winder","Winder","GA","4.5","2","https://maps.google.com/?cid=94598144360356067&g_mp=Cidnb29nbGUubWFwcy5wbGFjZXMudjEuUGxhY2VzLlNlYXJjaFRleHQQAhgEIAA","http://localhost:3000/api/demo-site?b=eyJpZCI6IkNoSUpvVkFCVGRQZDlZZ1I0NWdDMTRJVVVBRSIsIm5hbWUiOiJCYXJhaG9uYSBsYW5kc2NhcGluZyBMTEMiLCJpbmR1c3RyeSI6ImxhbmRzY2FwZXIiLCJwaG9uZSI6Iig2NzgpIDY2My02OTIxIiwiYWRkcmVzcyI6IldpbmRlciIsImNpdHkiOiJXaW5kZXIiLCJzdGF0ZSI6IkdBIiwicmF0aW5nIjo0LjUsInJldmlld0NvdW50IjoyLCJob3VycyI6Ik1vbmRheTogT3BlbiAyNCBob3VycyIsIndlYnNpdGUiOm51bGwsInBsYWNlVXJsIjoiaHR0cHM6Ly9tYXBzLmdvb2dsZS5jb20vP2NpZD05NDU5ODE0NDM2MDM1NjA2NyZnX21wPUNpZG5iMjluYkdVdWJXRndjeTV3YkdGalpYTXVkakV1VUd4aFkyVnpMbE5sWVhKamFGUmxlSFFRQWhnRUlBQSIsInNvdXJjZSI6InBsYWNlcyJ9&by=VibeLabs%20Agency"
"Evergreen Landscaping LLC","landscaper","(678) 425-4448","343 Resource Pkwy","Winder","GA","1","1","https://maps.google.com/?cid=7636899760359346117&g_mp=Cidnb29nbGUubWFwcy5wbGFjZXMudjEuUGxhY2VzLlNlYXJjaFRleHQQAhgEIAA","http://localhost:3000/api/demo-site?b=eyJpZCI6IkNoSUpEVTQ5MmtIZDlZZ1J4UTk4dWQ2My0yayIsIm5hbWUiOiJFdmVyZ3JlZW4gTGFuZHNjYXBpbmcgTExDIiwiaW5kdXN0cnkiOiJsYW5kc2NhcGVyIiwicGhvbmUiOiIoNjc4KSA0MjUtNDQ0OCIsImFkZHJlc3MiOiIzNDMgUmVzb3VyY2UgUGt3eSIsImNpdHkiOiJXaW5kZXIiLCJzdGF0ZSI6IkdBIiwicmF0aW5nIjoxLCJyZXZpZXdDb3VudCI6MSwiaG91cnMiOiJNb25kYXk6IDg6MDDigK9BTeKAieKAk-KAiTU6MDDigK9QTSIsIndlYnNpdGUiOm51bGwsInBsYWNlVXJsIjoiaHR0cHM6Ly9tYXBzLmdvb2dsZS5jb20vP2NpZD03NjM2ODk5NzYwMzU5MzQ2MTE3JmdfbXA9Q2lkbmIyOW5iR1V1YldGd2N5NXdiR0ZqWlhNdWRqRXVVR3hoWTJWekxsTmxZWEpqYUZSbGVIUVFBaGdFSUFBIiwic291cmNlIjoicGxhY2VzIn0&by=VibeLabs%20Agency"
"Southern Creations Landscape & Lawn Maintenance","landscaper","(770) 616-5680","970 Mary Alice Park Rd","Cumming","GA","4.9","10","https://maps.google.com/?cid=12974464706264419358&g_mp=Cidnb29nbGUubWFwcy5wbGFjZXMudjEuUGxhY2VzLlNlYXJjaFRleHQQAhgEIAA","http://localhost:3000/api/demo-site?b=eyJpZCI6IkNoSUpuNWdhWGttRjlZZ1JIc3k3bi1pT0RyUSIsIm5hbWUiOiJTb3V0aGVybiBDcmVhdGlvbnMgTGFuZHNjYXBlICYgTGF3biBNYWludGVuYW5jZSIsImluZHVzdHJ5IjoibGFuZHNjYXBlciIsInBob25lIjoiKDc3MCkgNjE2LTU2ODAiLCJhZGRyZXNzIjoiOTcwIE1hcnkgQWxpY2UgUGFyayBSZCIsImNpdHkiOiJDdW1taW5nIiwic3RhdGUiOiJHQSIsInJhdGluZyI6NC45LCJyZXZpZXdDb3VudCI6MTAsIndlYnNpdGUiOm51bGwsInBsYWNlVXJsIjoiaHR0cHM6Ly9tYXBzLmdvb2dsZS5jb20vP2NpZD0xMjk3NDQ2NDcwNjI2NDQxOTM1OCZnX21wPUNpZG5iMjluYkdVdWJXRndjeTV3YkdGalpYTXVkakV1VUd4aFkyVnpMbE5sWVhKamFGUmxlSFFRQWhnRUlBQSIsInNvdXJjZSI6InBsYWNlcyJ9&by=VibeLabs%20Agency"
"R & D Landscape & Lawn Services","landscaper","(770) 561-5741","4615 Union Pl","Flowery Branch","GA","4.1","7","https://maps.google.com/?cid=5796839981303619357&g_mp=Cidnb29nbGUubWFwcy5wbGFjZXMudjEuUGxhY2VzLlNlYXJjaFRleHQQAhgEIAA","http://localhost:3000/api/demo-site?b=eyJpZCI6IkNoSUpKU21vWXdieTlZZ1JIVjlpQVVDRGNsQSIsIm5hbWUiOiJSICYgRCBMYW5kc2NhcGUgJiBMYXduIFNlcnZpY2VzIiwiaW5kdXN0cnkiOiJsYW5kc2NhcGVyIiwicGhvbmUiOiIoNzcwKSA1NjEtNTc0MSIsImFkZHJlc3MiOiI0NjE1IFVuaW9uIFBsIiwiY2l0eSI6IkZsb3dlcnkgQnJhbmNoIiwic3RhdGUiOiJHQSIsInJhdGluZyI6NC4xLCJyZXZpZXdDb3VudCI6Nywid2Vic2l0ZSI6bnVsbCwicGxhY2VVcmwiOiJodHRwczovL21hcHMuZ29vZ2xlLmNvbS8_Y2lkPTU3OTY4Mzk5ODEzMDM2MTkzNTcmZ19tcD1DaWRuYjI5bmJHVXViV0Z3Y3k1d2JHRmpaWE11ZGpFdVVHeGhZMlZ6TGxObFlYSmphRlJsZUhRUUFoZ0VJQUEiLCJzb3VyY2UiOiJwbGFjZXMifQ&by=VibeLabs%20Agency"
"Outback Lawn & Landscapes Inc","landscaper","(770) 967-5595","4432 Strickland Rd","Flowery Branch","GA","5","13","https://maps.google.com/?cid=2975868022682726389&g_mp=Cidnb29nbGUubWFwcy5wbGFjZXMudjEuUGxhY2VzLlNlYXJjaFRleHQQAhgEIAA","http://localhost:3000/api/demo-site?b=eyJpZCI6IkNoSUp4WDNOb1FMeTlZZ1I5YTl5SmpOb1RDayIsIm5hbWUiOiJPdXRiYWNrIExhd24gJiBMYW5kc2NhcGVzIEluYyIsImluZHVzdHJ5IjoibGFuZHNjYXBlciIsInBob25lIjoiKDc3MCkgOTY3LTU1OTUiLCJhZGRyZXNzIjoiNDQzMiBTdHJpY2tsYW5kIFJkIiwiY2l0eSI6IkZsb3dlcnkgQnJhbmNoIiwic3RhdGUiOiJHQSIsInJhdGluZyI6NSwicmV2aWV3Q291bnQiOjEzLCJ3ZWJzaXRlIjpudWxsLCJwbGFjZVVybCI6Imh0dHBzOi8vbWFwcy5nb29nbGUuY29tLz9jaWQ9Mjk3NTg2ODAyMjY4MjcyNjM4OSZnX21wPUNpZG5iMjluYkdVdWJXRndjeTV3YkdGalpYTXVkakV1VUd4aFkyVnpMbE5sWVhKamFGUmxlSFFRQWhnRUlBQSIsInNvdXJjZSI6InBsYWNlcyJ9&by=VibeLabs%20Agency"
"Peach State Stump Grinding LLC","tree_care","(404) 680-2022","Appian Way","Lawrenceville","GA","4.9","45","https://maps.google.com/?cid=10474327325242465655&g_mp=Cidnb29nbGUubWFwcy5wbGFjZXMudjEuUGxhY2VzLlNlYXJjaFRleHQQAhgEIAA","http://localhost:3000/api/demo-site?b=eyJpZCI6IkNoSUpBMXpyVm02OTlZZ1JkNTAtLWpSSlhKRSIsIm5hbWUiOiJQZWFjaCBTdGF0ZSBTdHVtcCBHcmluZGluZyBMTEMiLCJpbmR1c3RyeSI6InRyZWVfY2FyZSIsInBob25lIjoiKDQwNCkgNjgwLTIwMjIiLCJhZGRyZXNzIjoiQXBwaWFuIFdheSIsImNpdHkiOiJMYXdyZW5jZXZpbGxlIiwic3RhdGUiOiJHQSIsInJhdGluZyI6NC45LCJyZXZpZXdDb3VudCI6NDUsImhvdXJzIjoiTW9uZGF5OiA3OjAw4oCvQU3igInigJPigIk2OjAw4oCvUE0iLCJ3ZWJzaXRlIjpudWxsLCJwbGFjZVVybCI6Imh0dHBzOi8vbWFwcy5nb29nbGUuY29tLz9jaWQ9MTA0NzQzMjczMjUyNDI0NjU2NTUmZ19tcD1DaWRuYjI5bmJHVXViV0Z3Y3k1d2JHRmpaWE11ZGpFdVVHeGhZMlZ6TGxObFlYSmphRlJsZUhRUUFoZ0VJQUEiLCJzb3VyY2UiOiJwbGFjZXMifQ&by=VibeLabs%20Agency"
"Kats Tree Experts LLC","tree_care","(470) 882-7039","2090 Sugarloaf Pkwy STE. 245","Lawrenceville","GA","4.5","72","https://maps.google.com/?cid=18358449306766720446&g_mp=Cidnb29nbGUubWFwcy5wbGFjZXMudjEuUGxhY2VzLlNlYXJjaFRleHQQAhgEIAA","http://localhost:3000/api/demo-site?b=eyJpZCI6IkNoSUpVM2tQYTRtVjlZZ1J2cjNZbEdCUXh2NCIsIm5hbWUiOiJLYXRzIFRyZWUgRXhwZXJ0cyBMTEMiLCJpbmR1c3RyeSI6InRyZWVfY2FyZSIsInBob25lIjoiKDQ3MCkgODgyLTcwMzkiLCJhZGRyZXNzIjoiMjA5MCBTdWdhcmxvYWYgUGt3eSBTVEUuIDI0NSIsImNpdHkiOiJMYXdyZW5jZXZpbGxlIiwic3RhdGUiOiJHQSIsInJhdGluZyI6NC41LCJyZXZpZXdDb3VudCI6NzIsImhvdXJzIjoiTW9uZGF5OiA4OjAw4oCvQU3igInigJPigIk1OjAw4oCvUE0iLCJ3ZWJzaXRlIjpudWxsLCJwbGFjZVVybCI6Imh0dHBzOi8vbWFwcy5nb29nbGUuY29tLz9jaWQ9MTgzNTg0NDkzMDY3NjY3MjA0NDYmZ19tcD1DaWRuYjI5bmJHVXViV0Z3Y3k1d2JHRmpaWE11ZGpFdVVHeGhZMlZ6TGxObFlYSmphRlJsZUhRUUFoZ0VJQUEiLCJzb3VyY2UiOiJwbGFjZXMifQ&by=VibeLabs%20Agency"
"Gio's tree care LLC","tree_care","(404) 453-5380","4807 Shelburne Trace NW","Duluth","GA","4.9","44","https://maps.google.com/?cid=14013526585311170075&g_mp=Cidnb29nbGUubWFwcy5wbGFjZXMudjEuUGxhY2VzLlNlYXJjaFRleHQQAhgEIAA","http://localhost:3000/api/demo-site?b=eyJpZCI6IkNoSUp1UlNzUWNpajlZZ1JHdzczdHk0TWVzSSIsIm5hbWUiOiJHaW8ncyB0cmVlIGNhcmUgTExDIiwiaW5kdXN0cnkiOiJ0cmVlX2NhcmUiLCJwaG9uZSI6Iig0MDQpIDQ1My01MzgwIiwiYWRkcmVzcyI6IjQ4MDcgU2hlbGJ1cm5lIFRyYWNlIE5XIiwiY2l0eSI6IkR1bHV0aCIsInN0YXRlIjoiR0EiLCJyYXRpbmciOjQuOSwicmV2aWV3Q291bnQiOjQ0LCJob3VycyI6Ik1vbmRheTogT3BlbiAyNCBob3VycyIsIndlYnNpdGUiOm51bGwsInBsYWNlVXJsIjoiaHR0cHM6Ly9tYXBzLmdvb2dsZS5jb20vP2NpZD0xNDAxMzUyNjU4NTMxMTE3MDA3NSZnX21wPUNpZG5iMjluYkdVdWJXRndjeTV3YkdGalpYTXVkakV1VUd4aFkyVnpMbE5sWVhKamFGUmxlSFFRQWhnRUlBQSIsInNvdXJjZSI6InBsYWNlcyJ9&by=VibeLabs%20Agency"
"Chilel Tree Service","tree_care","(470) 413-6553","4206 Pleasant Lake Village Ln A","Duluth","GA","5","4","https://maps.google.com/?cid=17858552470563569365&g_mp=Cidnb29nbGUubWFwcy5wbGFjZXMudjEuUGxhY2VzLlNlYXJjaFRleHQQAhgEIAA","http://localhost:3000/api/demo-site?b=eyJpZCI6IkNoSUpwNC1sdjdTV01hVVIxYjZkY3RwUzF2YyIsIm5hbWUiOiJDaGlsZWwgVHJlZSBTZXJ2aWNlIiwiaW5kdXN0cnkiOiJ0cmVlX2NhcmUiLCJwaG9uZSI6Iig0NzApIDQxMy02NTUzIiwiYWRkcmVzcyI6IjQyMDYgUGxlYXNhbnQgTGFrZSBWaWxsYWdlIExuIEEiLCJjaXR5IjoiRHVsdXRoIiwic3RhdGUiOiJHQSIsInJhdGluZyI6NSwicmV2aWV3Q291bnQiOjQsImhvdXJzIjoiTW9uZGF5OiBPcGVuIDI0IGhvdXJzIiwid2Vic2l0ZSI6bnVsbCwicGxhY2VVcmwiOiJodHRwczovL21hcHMuZ29vZ2xlLmNvbS8_Y2lkPTE3ODU4NTUyNDcwNTYzNTY5MzY1JmdfbXA9Q2lkbmIyOW5iR1V1YldGd2N5NXdiR0ZqWlhNdWRqRXVVR3hoWTJWekxsTmxZWEpqYUZSbGVIUVFBaGdFSUFBIiwic291cmNlIjoicGxhY2VzIn0&by=VibeLabs%20Agency"
"Kidd The Tree Expert","tree_care","(470) 776-5296","77 Celebration Dr","Suwanee","GA","","","https://maps.google.com/?cid=3347140075605733184&g_mp=Cidnb29nbGUubWFwcy5wbGFjZXMudjEuUGxhY2VzLlNlYXJjaFRleHQQAhgEIAA","http://localhost:3000/api/demo-site?b=eyJpZCI6IkNoSUpWV0VEaUFPWDlZZ1JRQ18wTXlwdWN5NCIsIm5hbWUiOiJLaWRkIFRoZSBUcmVlIEV4cGVydCIsImluZHVzdHJ5IjoidHJlZV9jYXJlIiwicGhvbmUiOiIoNDcwKSA3NzYtNTI5NiIsImFkZHJlc3MiOiI3NyBDZWxlYnJhdGlvbiBEciIsImNpdHkiOiJTdXdhbmVlIiwic3RhdGUiOiJHQSIsImhvdXJzIjoiTW9uZGF5OiBPcGVuIDI0IGhvdXJzIiwid2Vic2l0ZSI6bnVsbCwicGxhY2VVcmwiOiJodHRwczovL21hcHMuZ29vZ2xlLmNvbS8_Y2lkPTMzNDcxNDAwNzU2MDU3MzMxODQmZ19tcD1DaWRuYjI5bmJHVXViV0Z3Y3k1d2JHRmpaWE11ZGpFdVVHeGhZMlZ6TGxObFlYSmphRlJsZUhRUUFoZ0VJQUEiLCJzb3VyY2UiOiJwbGFjZXMifQ&by=VibeLabs%20Agency"
"Carmona's tree Service LLC.","tree_care","(470) 428-5952","Lawrenceville-Suwanee Rd","Suwanee","GA","","","https://maps.google.com/?cid=17425986611546238936&g_mp=Cidnb29nbGUubWFwcy5wbGFjZXMudjEuUGxhY2VzLlNlYXJjaFRleHQQAhgEIAA","http://localhost:3000/api/demo-site?b=eyJpZCI6IkNoSUpiM1lSZGtLWDlZZ1IyQ190RVgtSzFmRSIsIm5hbWUiOiJDYXJtb25hJ3MgdHJlZSBTZXJ2aWNlIExMQy4iLCJpbmR1c3RyeSI6InRyZWVfY2FyZSIsInBob25lIjoiKDQ3MCkgNDI4LTU5NTIiLCJhZGRyZXNzIjoiTGF3cmVuY2V2aWxsZS1TdXdhbmVlIFJkIiwiY2l0eSI6IlN1d2FuZWUiLCJzdGF0ZSI6IkdBIiwiaG91cnMiOiJNb25kYXk6IE9wZW4gMjQgaG91cnMiLCJ3ZWJzaXRlIjpudWxsLCJwbGFjZVVybCI6Imh0dHBzOi8vbWFwcy5nb29nbGUuY29tLz9jaWQ9MTc0MjU5ODY2MTE1NDYyMzg5MzYmZ19tcD1DaWRuYjI5bmJHVXViV0Z3Y3k1d2JHRmpaWE11ZGpFdVVHeGhZMlZ6TGxObFlYSmphRlJsZUhRUUFoZ0VJQUEiLCJzb3VyY2UiOiJwbGFjZXMifQ&by=VibeLabs%20Agency"
"Grizzly Stump Grinding Co.","tree_care","(404) 941-6815","1171 Settles Rd","Suwanee","GA","5","12","https://maps.google.com/?cid=10907814475841380950&g_mp=Cidnb29nbGUubWFwcy5wbGFjZXMudjEuUGxhY2VzLlNlYXJjaFRleHQQAhgEIAA","http://localhost:3000/api/demo-site?b=eyJpZCI6IkNoSUppeE5XRDRPWjlZZ1JWcUpqUkhsWFlKYyIsIm5hbWUiOiJHcml6emx5IFN0dW1wIEdyaW5kaW5nIENvLiIsImluZHVzdHJ5IjoidHJlZV9jYXJlIiwicGhvbmUiOiIoNDA0KSA5NDEtNjgxNSIsImFkZHJlc3MiOiIxMTcxIFNldHRsZXMgUmQiLCJjaXR5IjoiU3V3YW5lZSIsInN0YXRlIjoiR0EiLCJyYXRpbmciOjUsInJldmlld0NvdW50IjoxMiwiaG91cnMiOiJNb25kYXk6IDY6MDDigK9BTeKAieKAk-KAiTY6MDDigK9QTSIsIndlYnNpdGUiOm51bGwsInBsYWNlVXJsIjoiaHR0cHM6Ly9tYXBzLmdvb2dsZS5jb20vP2NpZD0xMDkwNzgxNDQ3NTg0MTM4MDk1MCZnX21wPUNpZG5iMjluYkdVdWJXRndjeTV3YkdGalpYTXVkakV1VUd4aFkyVnpMbE5sWVhKamFGUmxlSFFRQWhnRUlBQSIsInNvdXJjZSI6InBsYWNlcyJ9&by=VibeLabs%20Agency"
"Perez Tree Recycling LLC","tree_care","(404) 925-4346","4708 S Old Peachtree Rd","Norcross","GA","4.7","146","https://maps.google.com/?cid=14235982591176608047&g_mp=Cidnb29nbGUubWFwcy5wbGFjZXMudjEuUGxhY2VzLlNlYXJjaFRleHQQAhgEIAA","http://localhost:3000/api/demo-site?b=eyJpZCI6IkNoSUpaNm1BenlnRjlZZ1JMd202djcxZWtNVSIsIm5hbWUiOiJQZXJleiBUcmVlIFJlY3ljbGluZyBMTEMiLCJpbmR1c3RyeSI6InRyZWVfY2FyZSIsInBob25lIjoiKDQwNCkgOTI1LTQzNDYiLCJhZGRyZXNzIjoiNDcwOCBTIE9sZCBQZWFjaHRyZWUgUmQiLCJjaXR5IjoiTm9yY3Jvc3MiLCJzdGF0ZSI6IkdBIiwicmF0aW5nIjo0LjcsInJldmlld0NvdW50IjoxNDYsImhvdXJzIjoiTW9uZGF5OiBPcGVuIDI0IGhvdXJzIiwid2Vic2l0ZSI6bnVsbCwicGxhY2VVcmwiOiJodHRwczovL21hcHMuZ29vZ2xlLmNvbS8_Y2lkPTE0MjM1OTgyNTkxMTc2NjA4MDQ3JmdfbXA9Q2lkbmIyOW5iR1V1YldGd2N5NXdiR0ZqWlhNdWRqRXVVR3hoWTJWekxsTmxZWEpqYUZSbGVIUVFBaGdFSUFBIiwic291cmNlIjoicGxhY2VzIn0&by=VibeLabs%20Agency"
"Little Bear Tree Service","tree_care","(404) 975-9831","774 Garner Rd SW","Norcross","GA","5","36","https://maps.google.com/?cid=16682842427189891173&g_mp=Cidnb29nbGUubWFwcy5wbGFjZXMudjEuUGxhY2VzLlNlYXJjaFRleHQQAhgEIAA","http://localhost:3000/api/demo-site?b=eyJpZCI6IkNoSUpYMWZhYk4ybDlZZ1JaUkI0VE14Y2hlYyIsIm5hbWUiOiJMaXR0bGUgQmVhciBUcmVlIFNlcnZpY2UiLCJpbmR1c3RyeSI6InRyZWVfY2FyZSIsInBob25lIjoiKDQwNCkgOTc1LTk4MzEiLCJhZGRyZXNzIjoiNzc0IEdhcm5lciBSZCBTVyIsImNpdHkiOiJOb3Jjcm9zcyIsInN0YXRlIjoiR0EiLCJyYXRpbmciOjUsInJldmlld0NvdW50IjozNiwiaG91cnMiOiJNb25kYXk6IE9wZW4gMjQgaG91cnMiLCJ3ZWJzaXRlIjpudWxsLCJwbGFjZVVybCI6Imh0dHBzOi8vbWFwcy5nb29nbGUuY29tLz9jaWQ9MTY2ODI4NDI0MjcxODk4OTExNzMmZ19tcD1DaWRuYjI5bmJHVXViV0Z3Y3k1d2JHRmpaWE11ZGpFdVVHeGhZMlZ6TGxObFlYSmphRlJsZUhRUUFoZ0VJQUEiLCJzb3VyY2UiOiJwbGFjZXMifQ&by=VibeLabs%20Agency"
"Norcross Tree Services","tree_care","(404) 889-8854","5741 Woodvalley Trce","Norcross","GA","5","2","https://maps.google.com/?cid=14659012963621618331&g_mp=Cidnb29nbGUubWFwcy5wbGFjZXMudjEuUGxhY2VzLlNlYXJjaFRleHQQAhgEIAA","http://localhost:3000/api/demo-site?b=eyJpZCI6IkNoSUozeGN0bkxTbTlZZ1JtMEtEcHA5R2I4cyIsIm5hbWUiOiJOb3Jjcm9zcyBUcmVlIFNlcnZpY2VzIiwiaW5kdXN0cnkiOiJ0cmVlX2NhcmUiLCJwaG9uZSI6Iig0MDQpIDg4OS04ODU0IiwiYWRkcmVzcyI6IjU3NDEgV29vZHZhbGxleSBUcmNlIiwiY2l0eSI6Ik5vcmNyb3NzIiwic3RhdGUiOiJHQSIsInJhdGluZyI6NSwicmV2aWV3Q291bnQiOjIsImhvdXJzIjoiTW9uZGF5OiBPcGVuIDI0IGhvdXJzIiwid2Vic2l0ZSI6bnVsbCwicGxhY2VVcmwiOiJodHRwczovL21hcHMuZ29vZ2xlLmNvbS8_Y2lkPTE0NjU5MDEyOTYzNjIxNjE4MzMxJmdfbXA9Q2lkbmIyOW5iR1V1YldGd2N5NXdiR0ZqWlhNdWRqRXVVR3hoWTJWekxsTmxZWEpqYUZSbGVIUVFBaGdFSUFBIiwic291cmNlIjoicGxhY2VzIn0&by=VibeLabs%20Agency"
"WG Treeservices","tree_care","(470) 505-5565","6165 Edward St","Peachtree Corners","GA","4.9","44","https://maps.google.com/?cid=15230229539186981446&g_mp=Cidnb29nbGUubWFwcy5wbGFjZXMudjEuUGxhY2VzLlNlYXJjaFRleHQQAhgEIAA","http://localhost:3000/api/demo-site?b=eyJpZCI6IkNoSUpLd0lXMzZFTEY2b1JScnJtbWhLbFhOTSIsIm5hbWUiOiJXRyBUcmVlc2VydmljZXMiLCJpbmR1c3RyeSI6InRyZWVfY2FyZSIsInBob25lIjoiKDQ3MCkgNTA1LTU1NjUiLCJhZGRyZXNzIjoiNjE2NSBFZHdhcmQgU3QiLCJjaXR5IjoiUGVhY2h0cmVlIENvcm5lcnMiLCJzdGF0ZSI6IkdBIiwicmF0aW5nIjo0LjksInJldmlld0NvdW50Ijo0NCwiaG91cnMiOiJNb25kYXk6IE9wZW4gMjQgaG91cnMiLCJ3ZWJzaXRlIjpudWxsLCJwbGFjZVVybCI6Imh0dHBzOi8vbWFwcy5nb29nbGUuY29tLz9jaWQ9MTUyMzAyMjk1MzkxODY5ODE0NDYmZ19tcD1DaWRuYjI5bmJHVXViV0Z3Y3k1d2JHRmpaWE11ZGpFdVVHeGhZMlZ6TGxObFlYSmphRlJsZUhRUUFoZ0VJQUEiLCJzb3VyY2UiOiJwbGFjZXMifQ&by=VibeLabs%20Agency"
"Eric's Tree Services LLC","tree_care","(470) 333-7777","115 Arcado Rd SW","Lilburn","GA","4.9","34","https://maps.google.com/?cid=16303379901167489115&g_mp=Cidnb29nbGUubWFwcy5wbGFjZXMudjEuUGxhY2VzLlNlYXJjaFRleHQQAhgEIAA","http://localhost:3000/api/demo-site?b=eyJpZCI6IkNoSUpkNnJla25lNzlZZ1JXOUJVSDZROVFlSSIsIm5hbWUiOiJFcmljJ3MgVHJlZSBTZXJ2aWNlcyBMTEMiLCJpbmR1c3RyeSI6InRyZWVfY2FyZSIsInBob25lIjoiKDQ3MCkgMzMzLTc3NzciLCJhZGRyZXNzIjoiMTE1IEFyY2FkbyBSZCBTVyIsImNpdHkiOiJMaWxidXJuIiwic3RhdGUiOiJHQSIsInJhdGluZyI6NC45LCJyZXZpZXdDb3VudCI6MzQsImhvdXJzIjoiTW9uZGF5OiBPcGVuIDI0IGhvdXJzIiwid2Vic2l0ZSI6bnVsbCwicGxhY2VVcmwiOiJodHRwczovL21hcHMuZ29vZ2xlLmNvbS8_Y2lkPTE2MzAzMzc5OTAxMTY3NDg5MTE1JmdfbXA9Q2lkbmIyOW5iR1V1YldGd2N5NXdiR0ZqWlhNdWRqRXVVR3hoWTJWekxsTmxZWEpqYUZSbGVIUVFBaGdFSUFBIiwic291cmNlIjoicGxhY2VzIn0&by=VibeLabs%20Agency"
"Hope Tree Service LLC","tree_care","(770) 990-3032","3630 Bailey Rd NE","Dacula","GA","4.9","64","https://maps.google.com/?cid=3589989551249851984&g_mp=Cidnb29nbGUubWFwcy5wbGFjZXMudjEuUGxhY2VzLlNlYXJjaFRleHQQAhgEIAA","http://localhost:3000/api/demo-site?b=eyJpZCI6IkNoSUoyV1BNaUlycjlZZ1JVSWFjN1hrMDBqRSIsIm5hbWUiOiJIb3BlIFRyZWUgU2VydmljZSBMTEMiLCJpbmR1c3RyeSI6InRyZWVfY2FyZSIsInBob25lIjoiKDc3MCkgOTkwLTMwMzIiLCJhZGRyZXNzIjoiMzYzMCBCYWlsZXkgUmQgTkUiLCJjaXR5IjoiRGFjdWxhIiwic3RhdGUiOiJHQSIsInJhdGluZyI6NC45LCJyZXZpZXdDb3VudCI6NjQsImhvdXJzIjoiTW9uZGF5OiBPcGVuIDI0IGhvdXJzIiwid2Vic2l0ZSI6bnVsbCwicGxhY2VVcmwiOiJodHRwczovL21hcHMuZ29vZ2xlLmNvbS8_Y2lkPTM1ODk5ODk1NTEyNDk4NTE5ODQmZ19tcD1DaWRuYjI5bmJHVXViV0Z3Y3k1d2JHRmpaWE11ZGpFdVVHeGhZMlZ6TGxObFlYSmphRlJsZUhRUUFoZ0VJQUEiLCJzb3VyY2UiOiJwbGFjZXMifQ&by=VibeLabs%20Agency"
"ASAP Stump Grinding Tree Service","tree_care","(770) 241-0036","3580 Lochmill Dr","Grayson","GA","5","24","https://maps.google.com/?cid=5156075886173605068&g_mp=Cidnb29nbGUubWFwcy5wbGFjZXMudjEuUGxhY2VzLlNlYXJjaFRleHQQAhgEIAA","http://localhost:3000/api/demo-site?b=eyJpZCI6IkNoSUpDMzE3VmR6SDlZZ1J6TXhWVHJNUGprYyIsIm5hbWUiOiJBU0FQIFN0dW1wIEdyaW5kaW5nIFRyZWUgU2VydmljZSIsImluZHVzdHJ5IjoidHJlZV9jYXJlIiwicGhvbmUiOiIoNzcwKSAyNDEtMDAzNiIsImFkZHJlc3MiOiIzNTgwIExvY2htaWxsIERyIiwiY2l0eSI6IkdyYXlzb24iLCJzdGF0ZSI6IkdBIiwicmF0aW5nIjo1LCJyZXZpZXdDb3VudCI6MjQsImhvdXJzIjoiTW9uZGF5OiA2OjAw4oCvQU3igInigJPigIk5OjMw4oCvUE0iLCJ3ZWJzaXRlIjpudWxsLCJwbGFjZVVybCI6Imh0dHBzOi8vbWFwcy5nb29nbGUuY29tLz9jaWQ9NTE1NjA3NTg4NjE3MzYwNTA2OCZnX21wPUNpZG5iMjluYkdVdWJXRndjeTV3YkdGalpYTXVkakV1VUd4aFkyVnpMbE5sWVhKamFGUmxlSFFRQWhnRUlBQSIsInNvdXJjZSI6InBsYWNlcyJ9&by=VibeLabs%20Agency"
"Cortes Tree Service","tree_care","(404) 436-7337","5956 Trail Hikes Dr","Sugar Hill","GA","5","2","https://maps.google.com/?cid=6831573279728493708&g_mp=Cidnb29nbGUubWFwcy5wbGFjZXMudjEuUGxhY2VzLlNlYXJjaFRleHQQAhgEIAA","http://localhost:3000/api/demo-site?b=eyJpZCI6IkNoSUpjVXdUQVJ1UjlZZ1JqR1JFNDdPZnpsNCIsIm5hbWUiOiJDb3J0ZXMgVHJlZSBTZXJ2aWNlIiwiaW5kdXN0cnkiOiJ0cmVlX2NhcmUiLCJwaG9uZSI6Iig0MDQpIDQzNi03MzM3IiwiYWRkcmVzcyI6IjU5NTYgVHJhaWwgSGlrZXMgRHIiLCJjaXR5IjoiU3VnYXIgSGlsbCIsInN0YXRlIjoiR0EiLCJyYXRpbmciOjUsInJldmlld0NvdW50IjoyLCJob3VycyI6Ik1vbmRheTogT3BlbiAyNCBob3VycyIsIndlYnNpdGUiOm51bGwsInBsYWNlVXJsIjoiaHR0cHM6Ly9tYXBzLmdvb2dsZS5jb20vP2NpZD02ODMxNTczMjc5NzI4NDkzNzA4JmdfbXA9Q2lkbmIyOW5iR1V1YldGd2N5NXdiR0ZqWlhNdWRqRXVVR3hoWTJWekxsTmxZWEpqYUZSbGVIUVFBaGdFSUFBIiwic291cmNlIjoicGxhY2VzIn0&by=VibeLabs%20Agency"
"Mayan tree services","tree_care","(678) 978-7835","3198 Watson Woods Way","Loganville","GA","5","1","https://maps.google.com/?cid=15490721495036972508&g_mp=Cidnb29nbGUubWFwcy5wbGFjZXMudjEuUGxhY2VzLlNlYXJjaFRleHQQAhgEIAA","http://localhost:3000/api/demo-site?b=eyJpZCI6IkNoSUpkYmlKdTRISDlZZ1IzTTB2V2lBWi10WSIsIm5hbWUiOiJNYXlhbiB0cmVlIHNlcnZpY2VzIiwiaW5kdXN0cnkiOiJ0cmVlX2NhcmUiLCJwaG9uZSI6Iig2NzgpIDk3OC03ODM1IiwiYWRkcmVzcyI6IjMxOTggV2F0c29uIFdvb2RzIFdheSIsImNpdHkiOiJMb2dhbnZpbGxlIiwic3RhdGUiOiJHQSIsInJhdGluZyI6NSwicmV2aWV3Q291bnQiOjEsImhvdXJzIjoiTW9uZGF5OiA3OjAw4oCvQU3igInigJPigIk4OjAw4oCvUE0iLCJ3ZWJzaXRlIjpudWxsLCJwbGFjZVVybCI6Imh0dHBzOi8vbWFwcy5nb29nbGUuY29tLz9jaWQ9MTU0OTA3MjE0OTUwMzY5NzI1MDgmZ19tcD1DaWRuYjI5bmJHVXViV0Z3Y3k1d2JHRmpaWE11ZGpFdVVHeGhZMlZ6TGxObFlYSmphRlJsZUhRUUFoZ0VJQUEiLCJzb3VyY2UiOiJwbGFjZXMifQ&by=VibeLabs%20Agency"
"G & C Tree Service","tree_care","(470) 309-8427","4389 Thompson Rd SW","Loganville","GA","4.6","21","https://maps.google.com/?cid=8950261977391893187&g_mp=Cidnb29nbGUubWFwcy5wbGFjZXMudjEuUGxhY2VzLlNlYXJjaFRleHQQAhgEIAA","http://localhost:3000/api/demo-site?b=eyJpZCI6IkNoSUpKZXZPaHltMzlZZ1J3d29oRWRtM05YdyIsIm5hbWUiOiJHICYgQyBUcmVlIFNlcnZpY2UiLCJpbmR1c3RyeSI6InRyZWVfY2FyZSIsInBob25lIjoiKDQ3MCkgMzA5LTg0MjciLCJhZGRyZXNzIjoiNDM4OSBUaG9tcHNvbiBSZCBTVyIsImNpdHkiOiJMb2dhbnZpbGxlIiwic3RhdGUiOiJHQSIsInJhdGluZyI6NC42LCJyZXZpZXdDb3VudCI6MjEsImhvdXJzIjoiTW9uZGF5OiBPcGVuIDI0IGhvdXJzIiwid2Vic2l0ZSI6bnVsbCwicGxhY2VVcmwiOiJodHRwczovL21hcHMuZ29vZ2xlLmNvbS8_Y2lkPTg5NTAyNjE5NzczOTE4OTMxODcmZ19tcD1DaWRuYjI5bmJHVXViV0Z3Y3k1d2JHRmpaWE11ZGpFdVVHeGhZMlZ6TGxObFlYSmphRlJsZUhRUUFoZ0VJQUEiLCJzb3VyY2UiOiJwbGFjZXMifQ&by=VibeLabs%20Agency"
"Granados Tree Services Winder","tree_care","(470) 821-2539","218 Whistleville Ct","Winder","GA","3.8","6","https://maps.google.com/?cid=4180315966943350991&g_mp=Cidnb29nbGUubWFwcy5wbGFjZXMudjEuUGxhY2VzLlNlYXJjaFRleHQQAhgEIAA","http://localhost:3000/api/demo-site?b=eyJpZCI6IkNoSUpVZmszWHJIQzlZZ1J6MUNOUWpsM0F6byIsIm5hbWUiOiJHcmFuYWRvcyBUcmVlIFNlcnZpY2VzIFdpbmRlciIsImluZHVzdHJ5IjoidHJlZV9jYXJlIiwicGhvbmUiOiIoNDcwKSA4MjEtMjUzOSIsImFkZHJlc3MiOiIyMTggV2hpc3RsZXZpbGxlIEN0IiwiY2l0eSI6IldpbmRlciIsInN0YXRlIjoiR0EiLCJyYXRpbmciOjMuOCwicmV2aWV3Q291bnQiOjYsImhvdXJzIjoiTW9uZGF5OiA3OjAw4oCvQU3igInigJPigIk5OjAw4oCvUE0iLCJ3ZWJzaXRlIjpudWxsLCJwbGFjZVVybCI6Imh0dHBzOi8vbWFwcy5nb29nbGUuY29tLz9jaWQ9NDE4MDMxNTk2Njk0MzM1MDk5MSZnX21wPUNpZG5iMjluYkdVdWJXRndjeTV3YkdGalpYTXVkakV1VUd4aFkyVnpMbE5sWVhKamFGUmxlSFFRQWhnRUlBQSIsInNvdXJjZSI6InBsYWNlcyJ9&by=VibeLabs%20Agency"
"Down2Dirt Stump Grinding LLC","tree_care","(512) 644-5591","718 Arden Dr","Winder","GA","5","71","https://maps.google.com/?cid=10747866641790973673&g_mp=Cidnb29nbGUubWFwcy5wbGFjZXMudjEuUGxhY2VzLlNlYXJjaFRleHQQAhgEIAA","http://localhost:3000/api/demo-site?b=eyJpZCI6IkNoSUpiWGFQYUNuRTdDQVI2Ylk0SGNRWEtKVSIsIm5hbWUiOiJEb3duMkRpcnQgU3R1bXAgR3JpbmRpbmcgTExDIiwiaW5kdXN0cnkiOiJ0cmVlX2NhcmUiLCJwaG9uZSI6Iig1MTIpIDY0NC01NTkxIiwiYWRkcmVzcyI6IjcxOCBBcmRlbiBEciIsImNpdHkiOiJXaW5kZXIiLCJzdGF0ZSI6IkdBIiwicmF0aW5nIjo1LCJyZXZpZXdDb3VudCI6NzEsImhvdXJzIjoiTW9uZGF5OiBPcGVuIDI0IGhvdXJzIiwid2Vic2l0ZSI6bnVsbCwicGxhY2VVcmwiOiJodHRwczovL21hcHMuZ29vZ2xlLmNvbS8_Y2lkPTEwNzQ3ODY2NjQxNzkwOTczNjczJmdfbXA9Q2lkbmIyOW5iR1V1YldGd2N5NXdiR0ZqWlhNdWRqRXVVR3hoWTJWekxsTmxZWEpqYUZSbGVIUVFBaGdFSUFBIiwic291cmNlIjoicGxhY2VzIn0&by=VibeLabs%20Agency"
"Southern Roots Stump Grinding, LLC.","tree_care","(404) 698-0522","867 Windward Rd","Winder","GA","5","8","https://maps.google.com/?cid=13704702639557446450&g_mp=Cidnb29nbGUubWFwcy5wbGFjZXMudjEuUGxhY2VzLlNlYXJjaFRleHQQAhgEIAA","http://localhost:3000/api/demo-site?b=eyJpZCI6IkNoSUpuZFhTSzA3aDlZZ1JNZ3N1cDNEaU1MNCIsIm5hbWUiOiJTb3V0aGVybiBSb290cyBTdHVtcCBHcmluZGluZywgTExDLiIsImluZHVzdHJ5IjoidHJlZV9jYXJlIiwicGhvbmUiOiIoNDA0KSA2OTgtMDUyMiIsImFkZHJlc3MiOiI4NjcgV2luZHdhcmQgUmQiLCJjaXR5IjoiV2luZGVyIiwic3RhdGUiOiJHQSIsInJhdGluZyI6NSwicmV2aWV3Q291bnQiOjgsImhvdXJzIjoiTW9uZGF5OiA3OjAw4oCvQU3igInigJPigIk3OjAw4oCvUE0iLCJ3ZWJzaXRlIjpudWxsLCJwbGFjZVVybCI6Imh0dHBzOi8vbWFwcy5nb29nbGUuY29tLz9jaWQ9MTM3MDQ3MDI2Mzk1NTc0NDY0NTAmZ19tcD1DaWRuYjI5bmJHVXViV0Z3Y3k1d2JHRmpaWE11ZGpFdVVHeGhZMlZ6TGxObFlYSmphRlJsZUhRUUFoZ0VJQUEiLCJzb3VyY2UiOiJwbGFjZXMifQ&by=VibeLabs%20Agency"
"Evans Tree Stump Grinding Service","tree_care","(770) 235-3079","3733 Canton Hwy","Cumming","GA","5","7","https://maps.google.com/?cid=7626335961480526017&g_mp=Cidnb29nbGUubWFwcy5wbGFjZXMudjEuUGxhY2VzLlNlYXJjaFRleHQQAhgEIAA","http://localhost:3000/api/demo-site?b=eyJpZCI6IkNoSUpXMzFzQnYtQzlZZ1J3WGpWb1NZdzFtayIsIm5hbWUiOiJFdmFucyBUcmVlIFN0dW1wIEdyaW5kaW5nIFNlcnZpY2UiLCJpbmR1c3RyeSI6InRyZWVfY2FyZSIsInBob25lIjoiKDc3MCkgMjM1LTMwNzkiLCJhZGRyZXNzIjoiMzczMyBDYW50b24gSHd5IiwiY2l0eSI6IkN1bW1pbmciLCJzdGF0ZSI6IkdBIiwicmF0aW5nIjo1LCJyZXZpZXdDb3VudCI6NywiaG91cnMiOiJNb25kYXk6IDg6MDDigK9BTeKAieKAk-KAiTY6MDDigK9QTSIsIndlYnNpdGUiOm51bGwsInBsYWNlVXJsIjoiaHR0cHM6Ly9tYXBzLmdvb2dsZS5jb20vP2NpZD03NjI2MzM1OTYxNDgwNTI2MDE3JmdfbXA9Q2lkbmIyOW5iR1V1YldGd2N5NXdiR0ZqWlhNdWRqRXVVR3hoWTJWekxsTmxZWEpqYUZSbGVIUVFBaGdFSUFBIiwic291cmNlIjoicGxhY2VzIn0&by=VibeLabs%20Agency"
"Rays affordable tree service","tree_care","(470) 208-9574","6440 Crystal Cove Trail","Flowery Branch","GA","5","98","https://maps.google.com/?cid=548067338127293463&g_mp=Cidnb29nbGUubWFwcy5wbGFjZXMudjEuUGxhY2VzLlNlYXJjaFRleHQQAhgEIAA","http://localhost:3000/api/demo-site?b=eyJpZCI6IkNoSUoyUUlGVXMyTDlZZ1JGendTR2xjZ213YyIsIm5hbWUiOiJSYXlzIGFmZm9yZGFibGUgdHJlZSBzZXJ2aWNlIiwiaW5kdXN0cnkiOiJ0cmVlX2NhcmUiLCJwaG9uZSI6Iig0NzApIDIwOC05NTc0IiwiYWRkcmVzcyI6IjY0NDAgQ3J5c3RhbCBDb3ZlIFRyYWlsIiwiY2l0eSI6IkZsb3dlcnkgQnJhbmNoIiwic3RhdGUiOiJHQSIsInJhdGluZyI6NSwicmV2aWV3Q291bnQiOjk4LCJob3VycyI6Ik1vbmRheTogOTowMOKAr0FN4oCJ4oCT4oCJNTowMOKAr1BNIiwid2Vic2l0ZSI6bnVsbCwicGxhY2VVcmwiOiJodHRwczovL21hcHMuZ29vZ2xlLmNvbS8_Y2lkPTU0ODA2NzMzODEyNzI5MzQ2MyZnX21wPUNpZG5iMjluYkdVdWJXRndjeTV3YkdGalpYTXVkakV1VUd4aFkyVnpMbE5sWVhKamFGUmxlSFFRQWhnRUlBQSIsInNvdXJjZSI6InBsYWNlcyJ9&by=VibeLabs%20Agency"
"Oakwood tree expert LLC","tree_care","(678) 997-1205","3075 Poplar Springs Church Rd","Flowery Branch","GA","5","6","https://maps.google.com/?cid=3295987673140597763&g_mp=Cidnb29nbGUubWFwcy5wbGFjZXMudjEuUGxhY2VzLlNlYXJjaFRleHQQAhgEIAA","http://localhost:3000/api/demo-site?b=eyJpZCI6IkNoSUpGU0lXQlhueDlZZ1JBNVNjYVZPenZTMCIsIm5hbWUiOiJPYWt3b29kIHRyZWUgZXhwZXJ0IExMQyIsImluZHVzdHJ5IjoidHJlZV9jYXJlIiwicGhvbmUiOiIoNjc4KSA5OTctMTIwNSIsImFkZHJlc3MiOiIzMDc1IFBvcGxhciBTcHJpbmdzIENodXJjaCBSZCIsImNpdHkiOiJGbG93ZXJ5IEJyYW5jaCIsInN0YXRlIjoiR0EiLCJyYXRpbmciOjUsInJldmlld0NvdW50Ijo2LCJob3VycyI6Ik1vbmRheTogT3BlbiAyNCBob3VycyIsIndlYnNpdGUiOm51bGwsInBsYWNlVXJsIjoiaHR0cHM6Ly9tYXBzLmdvb2dsZS5jb20vP2NpZD0zMjk1OTg3NjczMTQwNTk3NzYzJmdfbXA9Q2lkbmIyOW5iR1V1YldGd2N5NXdiR0ZqWlhNdWRqRXVVR3hoWTJWekxsTmxZWEpqYUZSbGVIUVFBaGdFSUFBIiwic291cmNlIjoicGxhY2VzIn0&by=VibeLabs%20Agency"